image_name,model_name,channel_segment,channel_nuclei,channel_axis,invert,normalize,diameter,do_3D,flow_threshold,cellprob_threshold,interp,min_size,max_size_fraction,niter,stitch_threshold,tile_overlap,type,duration,are,precision,recall,f1,jaccard_sklearn,jaccard_cellpose
20240305_P013T_A003_cropped_isotropic,bact_phase_cp3,0,0,,False,False,100,True,0.1,0.5,False,15,0.5,100,0.0,0.1,Nuclei,4.034268856048584,0.7754177928342988,0.9734263305066315,0.12693374221801415,0.2245822071657012,0.9178172888091692,0.0019900411646958925
20240305_P013T_A003_cropped_isotropic,bact_phase_cp3,0,0,,True,True,100,True,0.3,0.1,False,15,0.5,100,0.0,0.1,Nuclei,5.658669948577881,0.7173485101022232,0.17424115161062356,0.7481226285668341,0.2826514898977768,0.4193553194298903,0.006147829968689458
20240305_P013T_A003_cropped_isotropic,cyto,0,0,,True,True,30,True,0.5,0.5,False,15,0.5,100,0.0,0.1,Nuclei,3.662282705307007,0.7745418765829926,1.0,0.12705145276770993,0.2254581234170074,0.9907371184214046,nan
20240305_P013T_A003_cropped_isotropic,livecell_cp3,0,0,,True,False,10,True,0.5,0.1,False,15,0.5,100,0.0,0.1,Nuclei,3.4265248775482178,0.7745418765829926,1.0,0.12705145276770993,0.2254581234170074,0.9907402184594747,nan
20240305_P013T_A003_cropped_isotropic,deepbacs_cp3,0,0,,True,True,50,True,0.7,0.0,False,15,0.5,100,0.0,0.1,Nuclei,3.3651702404022217,0.7745418765829926,1.0,0.12705145276770993,0.2254581234170074,0.9907402184594747,nan
20240305_P013T_A003_cropped_isotropic,deepbacs_cp3,0,0,,False,True,30,True,0.7,0.0,False,15,0.5,100,0.0,0.1,Nuclei,3.5660769939422607,0.678776837933729,0.24630426098167243,0.46164172710226736,0.32122316206627094,0.9895547794786451,nan
20240305_P013T_A003_cropped_isotropic,bact_phase_cp3,0,0,,True,False,50,True,0.3,0.1,False,15,0.5,100,0.0,0.1,Nuclei,3.8652029037475586,0.7754181272582592,0.9734120057339825,0.1269337721342233,0.2245818727417408,0.9177803349382371,0.0019898043379923515
20240305_P013T_A003_cropped_isotropic,yeast_PhC_cp3,0,0,,False,True,100,True,0.3,0.0,False,15,0.5,100,0.0,0.1,Nuclei,3.5372700691223145,0.7772901889255415,0.8778143150206527,0.12753308122896295,0.22270981107445859,0.983661968411916,nan
20240305_P013T_A003_cropped_isotropic,deepbacs_cp3,0,0,,False,False,70,True,0.1,0.0,False,15,0.5,100,0.0,0.1,Nuclei,4.09317421913147,0.7803672208055049,0.6774296996678315,0.1310626134087977,0.21963277919449503,0.7982244349440446,nan
20240305_P013T_A003_cropped_isotropic,yeast_BF_cp3,0,0,,True,False,50,True,0.3,0.1,False,15,0.5,100,0.0,0.1,Nuclei,3.428302049636841,0.7745418765829926,1.0,0.12705145276770993,0.2254581234170074,0.9907402184594747,nan
20240305_P013T_A003_cropped_isotropic,tissuenet_cp3,0,0,,True,False,50,True,0.7,0.1,False,15,0.5,100,0.0,0.1,Nuclei,5.838597059249878,0.7812668347831597,0.4827836063541431,0.14139792727359865,0.2187331652168403,0.3422887538386115,0.0026691874279099223
20240305_P013T_A003_cropped_isotropic,deepbacs_cp3,0,0,,True,True,10,True,0.3,0.2,False,15,0.5,100,0.0,0.1,Nuclei,3.3648037910461426,0.7745418765829926,1.0,0.12705145276770993,0.2254581234170074,0.9907402184594747,nan
20240305_P013T_A003_cropped_isotropic,cyto3,0,0,,True,True,100,True,0.3,0.0,False,15,0.5,100,0.0,0.1,Nuclei,3.5329720973968506,0.7771285173648397,0.5026215802568925,0.14318005107242573,0.2228714826351604,0.9870382242166841,nan
20240305_P013T_A003_cropped_isotropic,yeast_PhC_cp3,0,0,,False,False,10,True,0.3,0.0,False,15,0.5,100,0.0,0.1,Nuclei,4.374377012252808,0.7873721196651311,0.5832940609081031,0.13001021886427772,0.21262788033486893,0.7240127346178136,0.0033414852012741266
20240305_P013T_A003_cropped_isotropic,cyto3,0,0,,True,True,100,True,0.5,0.0,False,15,0.5,100,0.0,0.1,Nuclei,3.562541961669922,0.7771285173648397,0.5026215802568925,0.14318005107242573,0.2228714826351604,0.9870382242166841,nan
20240305_P013T_A003_cropped_isotropic,cyto3,0,0,,False,False,10,True,0.5,0.0,False,15,0.5,100,0.0,0.1,Nuclei,7.401463031768799,0.7925657012971055,0.11784160379609342,0.865321578871053,0.20743429870289448,0.12536320733512243,0.0017995622995358594
20240305_P013T_A003_cropped_isotropic,livecell_cp3,0,0,,False,True,30,True,0.3,0.0,False,15,0.5,100,0.0,0.1,Nuclei,3.5473599433898926,0.7745418765829926,1.0,0.12705145276770993,0.2254581234170074,0.9883605113461287,nan
20240305_P013T_A003_cropped_isotropic,cyto2_cp3,0,0,,False,True,30,True,0.5,0.2,False,15,0.5,100,0.0,0.1,Nuclei,3.7926671504974365,0.11323271719027217,0.8186584950403528,0.9672371625267119,0.8867672828097278,0.9313766749049752,nan
20240305_P013T_A003_cropped_isotropic,nuclei,0,0,,False,False,50,True,0.1,0.5,False,15,0.5,100,0.0,0.1,Nuclei,3.630789041519165,0.7745696937843212,0.9992800344115353,0.12704541365396144,0.22543030621567892,0.9907402184594747,nan
20240305_P013T_A003_cropped_isotropic,yeast_PhC_cp3,0,0,,True,False,30,True,0.7,0.0,False,15,0.5,100,0.0,0.1,Nuclei,4.351521015167236,0.7873721196651311,0.5832940609081031,0.13001021886427772,0.21262788033486893,0.7240127346178136,0.0033414852012741266
20240305_P013T_A003_cropped_isotropic,cyto3,0,0,,False,False,30,True,0.5,0.1,False,15,0.5,100,0.0,0.1,Nuclei,7.497693061828613,0.7925671915563952,0.11783720320905089,0.8655070447099432,0.20743280844360482,0.1254937031903091,0.0017998934983018521
20240305_P013T_A003_cropped_isotropic,cyto2,0,0,,True,False,17,True,0.7,0.0,False,15,0.5,100,0.0,0.1,Nuclei,4.273884057998657,0.57211929249287,0.3870111497209566,0.47840134908419374,0.4278807075071301,0.7158113245521904,0.03231379435978723
20240305_P013T_A003_cropped_isotropic,yeast_BF_cp3,0,0,,False,False,17,True,0.1,0.0,False,15,0.5,100,0.0,0.1,Nuclei,3.3978140354156494,0.7745418765829926,1.0,0.12705145276770993,0.2254581234170074,0.9907402184594747,nan
20240305_P013T_A003_cropped_isotropic,deepbacs_cp3,0,0,,False,False,17,True,0.5,0.5,False,15,0.5,100,0.0,0.1,Nuclei,4.09552001953125,0.7804681198928187,0.677751281975693,0.1309787438120033,0.21953188010718133,0.8068884849661268,nan
20240305_P013T_A003_cropped_isotropic,cyto3,0,0,,False,False,50,True,0.5,0.0,False,15,0.5,100,0.0,0.1,Nuclei,7.552284002304077,0.7925657012971055,0.11784160379609342,0.865321578871053,0.20743429870289448,0.12536320733512243,0.0017995622995358594
20240305_P013T_A003_cropped_isotropic,yeast_BF_cp3,0,0,,True,False,17,True,0.1,0.2,False,15,0.5,100,0.0,0.1,Nuclei,3.4128267765045166,0.7745418765829926,1.0,0.12705145276770993,0.2254581234170074,0.9907402184594747,nan
20240305_P013T_A003_cropped_isotropic,bact_fluor_cp3,0,0,,False,True,10,True,0.3,0.0,False,15,0.5,100,0.0,0.1,Nuclei,3.6100358963012695,0.7633326076268186,0.14229401445218565,0.7027526299403748,0.23666739237318132,0.9818028679511314,nan
20240305_P013T_A003_cropped_isotropic,yeast_PhC_cp3,0,0,,True,False,100,True,0.7,0.2,False,15,0.5,100,0.0,0.1,Nuclei,4.361063003540039,0.787385302672064,0.5833442789581584,0.1299978674944345,0.212614697327936,0.7243596916365649,0.0033212375991139888
20240305_P013T_A003_cropped_isotropic,tissuenet_cp3,0,0,,False,True,30,True,0.5,0.5,False,15,0.5,100,0.0,0.1,Nuclei,3.5466320514678955,0.7723041952572376,0.7852521402792403,0.1331527326696706,0.22769580474276238,0.9906866236051909,nan
20240305_P013T_A003_cropped_isotropic,cyto2_cp3,0,0,,True,True,10,True,0.7,0.2,False,15,0.5,100,0.0,0.1,Nuclei,3.716681957244873,0.8179372975489207,0.25190124487489246,0.1425432079065047,0.18206270245107925,0.9831949691432027,nan
20240305_P013T_A003_cropped_isotropic,deepbacs_cp3,0,0,,False,False,70,True,0.1,0.5,False,15,0.5,100,0.0,0.1,Nuclei,4.0985329151153564,0.7804681198928187,0.677751281975693,0.1309787438120033,0.21953188010718133,0.8068884849661268,nan
20240305_P013T_A003_cropped_isotropic,bact_fluor_cp3,0,0,,False,True,70,True,0.5,0.2,False,15,0.5,100,0.0,0.1,Nuclei,3.553891897201538,0.7642695214510085,0.1421072630005939,0.690928560480567,0.23573047854899162,0.9820107117668021,nan
20240305_P013T_A003_cropped_isotropic,cyto2_cp3,0,0,,False,False,30,True,0.7,0.2,False,15,0.5,100,0.0,0.1,Nuclei,5.817994594573975,0.7016463105777748,0.24547243922448522,0.38027496618200707,0.2983536894222251,0.009268282644242794,0.0017037817260449845
20240305_P013T_A003_cropped_isotropic,livecell_cp3,0,0,,True,False,17,True,0.3,0.1,False,15,0.5,100,0.0,0.1,Nuclei,3.4034409523010254,0.7745418765829926,1.0,0.12705145276770993,0.2254581234170074,0.9907402184594747,nan
20240305_P013T_A003_cropped_isotropic,cyto2,0,0,,False,True,17,True,0.7,0.2,False,15,0.5,100,0.0,0.1,Nuclei,3.6504898071289062,0.1314021097704816,0.7818619918671207,0.9769791163533924,0.8685978902295184,0.9744734218701815,nan
20240305_P013T_A003_cropped_isotropic,cyto2_cp3,0,0,,True,False,70,True,0.7,0.2,False,15,0.5,100,0.0,0.1,Nuclei,5.902372121810913,0.7016463105777748,0.24547243922448522,0.38027496618200707,0.2983536894222251,0.009268282644242794,0.0017037817260449845
20240305_P013T_A003_cropped_isotropic,cyto,0,0,,False,True,17,True,0.1,0.5,False,15,0.5,100,0.0,0.1,Nuclei,3.543184995651245,0.5976268270880216,0.4561264541013926,0.35995360451262143,0.4023731729119783,0.9823363576552115,nan
20240305_P013T_A003_cropped_isotropic,cyto2,0,0,,True,True,100,True,0.7,0.0,False,15,0.5,100,0.0,0.1,Nuclei,3.5805540084838867,0.3380723243239804,0.5096840475766636,0.9438607347062639,0.6619276756760196,0.9796112154282166,nan
20240305_P013T_A003_cropped_isotropic,bact_phase_cp3,0,0,,True,False,10,True,0.1,0.5,False,15,0.5,100,0.0,0.1,Nuclei,3.6998238563537598,0.7754177928342988,0.9734263305066315,0.12693374221801415,0.2245822071657012,0.9178172888091692,0.0019900411646958925
20240305_P013T_A003_cropped_isotropic,cyto,0,0,,False,False,10,True,0.5,0.1,False,15,0.5,100,0.0,0.1,Nuclei,5.182971000671387,0.4043069807964986,0.9095399559646165,0.4428742907712749,0.5956930192035015,0.008794070460479728,0.0034165467688290984
20240305_P013T_A003_cropped_isotropic,deepbacs_cp3,0,0,,True,False,10,True,0.5,0.5,False,15,0.5,100,0.0,0.1,Nuclei,4.0635199546813965,0.7804681198928187,0.677751281975693,0.1309787438120033,0.21953188010718133,0.8068884849661268,nan
20240305_P013T_A003_cropped_isotropic,yeast_BF_cp3,0,0,,False,False,30,True,0.5,0.1,False,15,0.5,100,0.0,0.1,Nuclei,3.3916847705841064,0.7745418765829926,1.0,0.12705145276770993,0.2254581234170074,0.9907402184594747,nan
20240305_P013T_A003_cropped_isotropic,livecell_cp3,0,0,,False,False,70,True,0.7,0.2,False,15,0.5,100,0.0,0.1,Nuclei,3.3449482917785645,0.7745418765829926,1.0,0.12705145276770993,0.2254581234170074,0.9907402184594747,nan
20240305_P013T_A003_cropped_isotropic,yeast_PhC_cp3,0,0,,True,True,70,True,0.5,0.0,False,15,0.5,100,0.0,0.1,Nuclei,5.97445011138916,0.7934079803848163,0.13043380535046553,0.4964770117542311,0.2065920196151837,0.07500189717868927,0.0013524990237467984
20240305_P013T_A003_cropped_isotropic,cyto2,0,0,,False,True,30,True,0.1,0.5,False,15,0.5,100,0.0,0.1,Nuclei,3.538872003555298,0.14493397560802135,0.76329262524736,0.971923907980737,0.8550660243919785,0.9765142121924182,nan
20240305_P013T_A003_cropped_isotropic,tissuenet_cp3,0,0,,False,False,17,True,0.7,0.1,False,15,0.5,100,0.0,0.1,Nuclei,5.80199408531189,0.7812668347831597,0.4827836063541431,0.14139792727359865,0.2187331652168403,0.3422887538386115,0.0026691874279099223
20240305_P013T_A003_cropped_isotropic,tissuenet_cp3,0,0,,True,False,100,True,0.5,0.0,False,15,0.5,100,0.0,0.1,Nuclei,5.757811069488525,0.7811885876216954,0.4829922912672512,0.14144542341894753,0.21881141237830465,0.3366829505046732,0.002616811811777725
20240305_P013T_A003_cropped_isotropic,livecell_cp3,0,0,,False,False,30,True,0.1,0.2,False,15,0.5,100,0.0,0.1,Nuclei,3.360330104827881,0.7745418765829926,1.0,0.12705145276770993,0.2254581234170074,0.9907402184594747,nan
20240305_P013T_A003_cropped_isotropic,nuclei,0,0,,False,False,10,True,0.7,0.5,False,15,0.5,100,0.0,0.1,Nuclei,3.36505389213562,0.7745418765829926,1.0,0.12705145276770993,0.2254581234170074,0.9907402184594747,nan
20240305_P013T_A003_cropped_isotropic,cyto2_cp3,0,0,,True,False,30,True,0.1,0.0,False,15,0.5,100,0.0,0.1,Nuclei,5.809250116348267,0.7015998426456274,0.24553833018866364,0.3802678334685065,0.2984001573543726,0.009264387170656337,0.0017038785883722696
20240305_P013T_A003_cropped_isotropic,bact_fluor_cp3,0,0,,True,False,17,True,0.3,0.1,False,15,0.5,100,0.0,0.1,Nuclei,4.425734043121338,0.6578319664526164,0.800511802871317,0.21758615958008054,0.3421680335473836,0.3701190611464512,0.0017723051318156006
20240305_P013T_A003_cropped_isotropic,cyto2,0,0,,True,True,70,True,0.5,0.5,False,15,0.5,100,0.0,0.1,Nuclei,3.5506439208984375,0.33982433928359224,0.5074913178941569,0.9442695314282279,0.6601756607164079,0.9811279494036191,nan
20240305_P013T_A003_cropped_isotropic,cyto2,0,0,,True,False,100,True,0.1,0.5,False,15,0.5,100,0.0,0.1,Nuclei,4.239806890487671,0.5722308838105249,0.38686835049554363,0.47834057190084944,0.4277691161894751,0.7184654115495138,0.03262607955853187
20240305_P013T_A003_cropped_isotropic,yeast_PhC_cp3,0,0,,True,True,17,True,0.7,0.1,False,15,0.5,100,0.0,0.1,Nuclei,5.979993104934692,0.7934079803848163,0.13043380535046553,0.4964770117542311,0.2065920196151837,0.07500189717868927,0.0013524990237467984
20240305_P013T_A003_cropped_isotropic,deepbacs_cp3,0,0,,True,True,30,True,0.1,0.1,False,15,0.5,100,0.0,0.1,Nuclei,3.3797030448913574,0.7745418765829926,1.0,0.12705145276770993,0.2254581234170074,0.9907402184594747,nan
20240305_P013T_A003_cropped_isotropic,deepbacs_cp3,0,0,,False,True,70,True,0.5,0.0,False,15,0.5,100,0.0,0.1,Nuclei,3.523418664932251,0.678776837933729,0.24630426098167243,0.46164172710226736,0.32122316206627094,0.9895547794786451,nan
20240305_P013T_A003_cropped_isotropic,cyto3,0,0,,False,True,17,True,0.7,0.1,False,15,0.5,100,0.0,0.1,Nuclei,3.550291061401367,0.3204577717424003,0.5205138500764704,0.9784933808413603,0.6795422282575997,0.9814047816954656,nan
20240305_P013T_A003_cropped_isotropic,yeast_PhC_cp3,0,0,,False,True,70,True,0.3,0.1,False,15,0.5,100,0.0,0.1,Nuclei,3.5229620933532715,0.7772014173570467,0.8806458922761584,0.12753170203544786,0.22279858264295335,0.9838149244507958,nan
20240305_P013T_A003_cropped_isotropic,cyto2_cp3,0,0,,True,True,10,True,0.1,0.5,False,15,0.5,100,0.0,0.1,Nuclei,3.6097679138183594,0.8135694867058818,0.28419495904241554,0.13871267842955518,0.18643051329411825,0.9837140912104411,nan
20240305_P013T_A003_cropped_isotropic,yeast_PhC_cp3,0,0,,False,False,100,True,0.1,0.0,False,15,0.5,100,0.0,0.1,Nuclei,4.6429688930511475,0.7873721196651311,0.5832940609081031,0.13001021886427772,0.21262788033486893,0.7240127346178136,0.0033414852012741266
20240305_P013T_A003_cropped_isotropic,cyto3,0,0,,True,False,50,True,0.7,0.2,False,15,0.5,100,0.0,0.1,Nuclei,7.769988059997559,0.7925731101329574,0.11783628773920451,0.8653503765327344,0.20742688986704266,0.12561588195869644,0.0018001873778958559
20240305_P013T_A003_cropped_isotropic,cyto2_cp3,0,0,,True,False,70,True,0.3,0.0,False,15,0.5,100,0.0,0.1,Nuclei,5.958028078079224,0.7015998426456274,0.24553833018866364,0.3802678334685065,0.2984001573543726,0.009264387170656337,0.0017038785883722696
20240305_P013T_A003_cropped_isotropic,yeast_BF_cp3,0,0,,False,False,30,True,0.3,0.1,False,15,0.5,100,0.0,0.1,Nuclei,3.376939058303833,0.7745418765829926,1.0,0.12705145276770993,0.2254581234170074,0.9907402184594747,nan
20240305_P013T_A003_cropped_isotropic,cyto2_cp3,0,0,,True,False,10,True,0.5,0.2,False,15,0.5,100,0.0,0.1,Nuclei,5.840863943099976,0.7016463105777748,0.24547243922448522,0.38027496618200707,0.2983536894222251,0.009268282644242794,0.0017037817260449845
20240305_P013T_A003_cropped_isotropic,tissuenet_cp3,0,0,,False,True,30,True,0.1,0.0,False,15,0.5,100,0.0,0.1,Nuclei,3.523632049560547,0.7683766849573863,0.7138503615763802,0.13823886821333814,0.23162331504261374,0.9905983843804085,nan
20240305_P013T_A003_cropped_isotropic,cyto2_cp3,0,0,,True,False,70,True,0.1,0.2,False,15,0.5,100,0.0,0.1,Nuclei,5.91299033164978,0.7016463105777748,0.24547243922448522,0.38027496618200707,0.2983536894222251,0.009268282644242794,0.0017037817260449845
20240305_P013T_A003_cropped_isotropic,yeast_PhC_cp3,0,0,,False,False,50,True,0.3,0.0,False,15,0.5,100,0.0,0.1,Nuclei,4.336911201477051,0.7873721196651311,0.5832940609081031,0.13001021886427772,0.21262788033486893,0.7240127346178136,0.0033414852012741266
20240305_P013T_A003_cropped_isotropic,bact_fluor_cp3,0,0,,False,True,100,True,0.7,0.1,False,15,0.5,100,0.0,0.1,Nuclei,3.606630802154541,0.7637954680058299,0.1421978171269641,0.6969703383006971,0.23620453199417005,0.9824368459296866,nan
20240305_P013T_A003_cropped_isotropic,cyto2,0,0,,True,True,70,True,0.7,0.2,False,15,0.5,100,0.0,0.1,Nuclei,3.5936009883880615,0.33834050185364684,0.5094086846239568,0.9437145920377521,0.6616594981463533,0.9802384748618561,nan
20240305_P013T_A003_cropped_isotropic,bact_phase_cp3,0,0,,False,False,100,True,0.1,0.1,False,15,0.5,100,0.0,0.1,Nuclei,3.824953079223633,0.7754181272582592,0.9734120057339825,0.1269337721342233,0.2245818727417408,0.9177803349382371,0.0019898043379923515
20240305_P013T_A003_cropped_isotropic,yeast_PhC_cp3,0,0,,True,True,10,True,0.3,0.1,False,15,0.5,100,0.0,0.1,Nuclei,6.175899267196655,0.7934079803848163,0.13043380535046553,0.4964770117542311,0.2065920196151837,0.07500189717868927,0.0013524990237467984
20240305_P013T_A003_cropped_isotropic,livecell_cp3,0,0,,False,False,50,True,0.7,0.5,False,15,0.5,100,0.0,0.1,Nuclei,3.4416420459747314,0.7745418765829926,1.0,0.12705145276770993,0.2254581234170074,0.9907402184594747,nan
20240305_P013T_A003_cropped_isotropic,yeast_PhC_cp3,0,0,,False,False,70,True,0.5,0.2,False,15,0.5,100,0.0,0.1,Nuclei,4.457856178283691,0.787385302672064,0.5833442789581584,0.1299978674944345,0.212614697327936,0.7243596916365649,0.0033212375991139888
20240305_P013T_A003_cropped_isotropic,nuclei,0,0,,True,True,70,True,0.1,0.2,False,15,0.5,100,0.0,0.1,Nuclei,3.5154130458831787,0.7745418765829926,1.0,0.12705145276770993,0.2254581234170074,0.9901296284534158,nan
20240305_P013T_A003_cropped_isotropic,tissuenet_cp3,0,0,,False,False,10,True,0.7,0.5,False,15,0.5,100,0.0,0.1,Nuclei,5.806532859802246,0.7812670840865823,0.4861006394170814,0.14111569313263805,0.21873291591341765,0.37414464558028376,0.0030452871217038894
20240305_P013T_A003_cropped_isotropic,nuclei,0,0,,True,True,100,True,0.5,0.1,False,15,0.5,100,0.0,0.1,Nuclei,3.612927198410034,0.7745418765829926,1.0,0.12705145276770993,0.2254581234170074,0.9889591509190214,nan
20240305_P013T_A003_cropped_isotropic,cyto,0,0,,True,False,70,True,0.7,0.2,False,15,0.5,100,0.0,0.1,Nuclei,5.215654134750366,0.4043069807964986,0.9095399559646165,0.4428742907712749,0.5956930192035015,0.008795751025730216,0.003416560309529048
20240305_P013T_A003_cropped_isotropic,cyto2,0,0,,False,True,100,True,0.3,0.1,False,15,0.5,100,0.0,0.1,Nuclei,5.601238965988159,0.786857708350708,0.6183162252245564,0.12876463547323436,0.21314229164929197,0.376918705278559,0.001807929179893876
20240305_P013T_A003_cropped_isotropic,cyto2,0,0,,False,True,30,True,0.5,0.5,False,15,0.5,100,0.0,0.1,Nuclei,3.58502197265625,0.14488756874086406,0.7633561743323829,0.9719407897958221,0.8551124312591359,0.976514076374879,nan
20240305_P013T_A003_cropped_isotropic,cyto3,0,0,,False,False,30,True,0.7,0.2,False,15,0.5,100,0.0,0.1,Nuclei,7.574020862579346,0.7940863175960563,0.11661216648661811,0.8792189169363807,0.20591368240394373,0.12560475968648607,0.0018003980548614166
20240305_P013T_A003_cropped_isotropic,cyto2,0,0,,False,True,50,True,0.5,0.5,False,15,0.5,100,0.0,0.1,Nuclei,3.5952460765838623,0.6992775694534393,0.33549829464324715,0.2724788112480893,0.30072243054656067,0.9757272592237702,nan
20240305_P013T_A003_cropped_isotropic,cyto2,0,0,,False,True,50,True,0.7,0.5,False,15,0.5,100,0.0,0.1,Nuclei,3.5749118328094482,0.6992775694534393,0.33549829464324715,0.2724788112480893,0.30072243054656067,0.9757272592237702,nan
20240305_P013T_A003_cropped_isotropic,nuclei,0,0,,False,True,70,True,0.3,0.0,False,15,0.5,100,0.0,0.1,Nuclei,3.48103404045105,0.7745418765829926,1.0,0.12705145276770993,0.2254581234170074,0.9907148673203956,nan
20240305_P013T_A003_cropped_isotropic,cyto2,0,0,,False,True,50,True,0.5,0.1,False,15,0.5,100,0.0,0.1,Nuclei,3.59578800201416,0.6616906123293285,0.34290175381456806,0.3338384038788108,0.3383093876706714,0.9744381828206893,nan
20240305_P013T_A003_cropped_isotropic,cyto3,0,0,,True,False,30,True,0.1,0.5,False,15,0.5,100,0.0,0.1,Nuclei,7.6007349491119385,0.792664730805473,0.11774990027578543,0.8668245518384228,0.20733526919452705,0.12594927772434286,0.0018010701519055499
20240305_P013T_A003_cropped_isotropic,cyto2,0,0,,False,True,50,True,0.3,0.1,False,15,0.5,100,0.0,0.1,Nuclei,3.6009228229522705,0.6616906123293285,0.34290175381456806,0.3338384038788108,0.3383093876706714,0.9744381828206893,nan
20240305_P013T_A003_cropped_isotropic,cyto2,0,0,,False,True,50,True,0.7,0.1,False,15,0.5,100,0.0,0.1,Nuclei,3.7709920406341553,0.6616906123293285,0.34290175381456806,0.3338384038788108,0.3383093876706714,0.9744381828206893,nan
20240305_P013T_A003_cropped_isotropic,cyto2,0,0,,False,True,50,True,0.7,0.0,False,15,0.5,100,0.0,0.1,Nuclei,3.7832000255584717,0.6565020078664674,0.3506248553067369,0.3366550810760882,0.3434979921335326,0.9742726438903226,nan
20240305_P013T_A003_cropped_isotropic,cyto2,0,0,,False,True,70,True,0.3,0.2,False,15,0.5,100,0.0,0.1,Nuclei,3.728415012359619,0.784475127278228,0.6008981256941225,0.13131121399272902,0.215524872721772,0.9320665215561641,nan
20240305_P013T_A003_cropped_isotropic,cyto3,0,0,,False,False,100,True,0.7,0.1,False,15,0.5,100,0.0,0.1,Nuclei,7.564082145690918,0.7925671915563952,0.11783720320905089,0.8655070447099432,0.20743280844360482,0.1254937031903091,0.0017998934983018521
20240305_P013T_A003_cropped_isotropic,cyto3,0,0,,True,True,100,True,0.3,0.1,False,15,0.5,100,0.0,0.1,Nuclei,3.5418460369110107,0.7745194631504442,0.9928497689340916,0.12718207153806732,0.22548053684955585,0.9883866960075482,nan
20240305_P013T_A003_cropped_isotropic,cyto2,0,0,,False,True,100,True,0.3,0.0,False,15,0.5,100,0.0,0.1,Nuclei,5.706972122192383,0.7872126263525872,0.6066256225214742,0.12902242319206988,0.21278737364741285,0.3675786861190667,0.0017835908917280994
20240305_P013T_A003_cropped_isotropic,cyto3,0,0,,False,True,30,True,0.3,0.1,False,15,0.5,100,0.0,0.1,Nuclei,3.5397000312805176,0.3207266384646855,0.5202049031871994,0.9784704322283867,0.6792733615353145,0.9814041674884156,nan
20240305_P013T_A003_cropped_isotropic,cyto3,0,0,,False,True,30,True,0.5,0.1,False,15,0.5,100,0.0,0.1,Nuclei,3.6407527923583984,0.3207266384646855,0.5202049031871994,0.9784704322283867,0.6792733615353145,0.9814041674884156,nan
20240305_P013T_A003_cropped_isotropic,nuclei,0,0,,False,True,50,True,0.5,0.2,False,15,0.5,100,0.0,0.1,Nuclei,3.5630698204040527,0.7745418765829926,1.0,0.12705145276770993,0.2254581234170074,0.9907085985241627,nan
20240305_P013T_A003_cropped_isotropic,nuclei,0,0,,False,True,70,True,0.5,0.2,False,15,0.5,100,0.0,0.1,Nuclei,3.5888562202453613,0.7745418765829926,1.0,0.12705145276770993,0.2254581234170074,0.9907187250607781,nan
20240305_P013T_A003_cropped_isotropic,nuclei,0,0,,True,True,70,True,0.3,0.2,False,15,0.5,100,0.0,0.1,Nuclei,3.528768539428711,0.7745418765829926,1.0,0.12705145276770993,0.2254581234170074,0.9901296284534158,nan
20240305_P013T_A003_cropped_isotropic,cyto2,0,0,,False,True,30,True,0.7,0.0,False,15,0.5,100,0.0,0.1,Nuclei,3.626224994659424,0.11728033105129787,0.8032196940826212,0.9796856485010986,0.8827196689487021,0.973415714127867,nan
20240305_P013T_A003_cropped_isotropic,cyto2,0,0,,False,True,50,True,0.1,0.5,False,15,0.5,100,0.0,0.1,Nuclei,3.5784430503845215,0.6992775694534393,0.33549829464324715,0.2724788112480893,0.30072243054656067,0.9757272592237702,nan
20240305_P013T_A003_cropped_isotropic,cyto2,0,0,,False,True,70,True,0.5,0.5,False,15,0.5,100,0.0,0.1,Nuclei,3.684938907623291,0.7846958261555746,0.6282656614417294,0.12991230522213557,0.2153041738444253,0.9413017685505354,nan
20240305_P013T_A003_cropped_isotropic,cyto2,0,0,,False,True,50,True,0.7,0.2,False,15,0.5,100,0.0,0.1,Nuclei,3.604886054992676,0.6704313372113035,0.34183474161000776,0.3181523797372304,0.32956866278869645,0.9747663612677998,nan
20240305_P013T_A003_cropped_isotropic,nuclei,0,0,,False,True,30,True,0.3,0.1,False,15,0.5,100,0.0,0.1,Nuclei,3.532025098800659,0.7755540533837073,0.9237307191299519,0.12774222842673685,0.22444594661629266,0.9906900679177955,nan
20240305_P013T_A003_cropped_isotropic,nuclei,0,0,,False,True,30,True,0.5,0.2,False,15,0.5,100,0.0,0.1,Nuclei,3.5203697681427,0.7756381555128525,0.9225768744785504,0.12770982423365898,0.2243618444871475,0.9906308962837471,nan
20240305_P013T_A003_cropped_isotropic,cyto2,0,0,,False,True,70,True,0.7,0.0,False,15,0.5,100,0.0,0.1,Nuclei,3.7390940189361572,0.7843051691554818,0.5882880834704195,0.13205657544302452,0.21569483084451824,0.924922362895713,nan
20240305_P013T_A003_cropped_isotropic,cyto2,0,0,,False,True,100,True,0.3,0.2,False,15,0.5,100,0.0,0.1,Nuclei,5.587669134140015,0.7866328808344834,0.628640017376374,0.12848879202179872,0.2133671191655167,0.3872599668985635,0.0019119378387730038
20240305_P013T_A003_cropped_isotropic,nuclei,0,0,,False,True,50,True,0.3,0.2,False,15,0.5,100,0.0,0.1,Nuclei,3.630638837814331,0.7745418765829926,1.0,0.12705145276770993,0.2254581234170074,0.9907085985241627,nan
20240305_P013T_A003_cropped_isotropic,cyto2,0,0,,False,True,30,True,0.3,0.5,False,15,0.5,100,0.0,0.1,Nuclei,3.570666790008545,0.14488756874086406,0.7633561743323829,0.9719407897958221,0.8551124312591359,0.976514076374879,nan
20240305_P013T_A003_cropped_isotropic,cyto2,0,0,,False,True,70,True,0.5,0.2,False,15,0.5,100,0.0,0.1,Nuclei,3.714664936065674,0.784475127278228,0.6008981256941225,0.13131121399272902,0.215524872721772,0.9320665215561641,nan
20240305_P013T_A003_cropped_isotropic,nuclei,0,0,,False,True,30,True,0.5,0.0,False,15,0.5,100,0.0,0.1,Nuclei,3.53047513961792,0.775538807686617,0.9233708251565211,0.12775899218904888,0.22446119231338305,0.9906716065415023,nan
20240305_P013T_A003_cropped_isotropic,nuclei,0,0,,False,True,30,True,0.5,0.1,False,15,0.5,100,0.0,0.1,Nuclei,3.6010358333587646,0.7755540533837073,0.9237307191299519,0.12774222842673685,0.22444594661629266,0.9906900679177955,nan
20240305_P013T_A003_cropped_isotropic,cyto2,0,0,,False,True,70,True,0.3,0.0,False,15,0.5,100,0.0,0.1,Nuclei,3.7574269771575928,0.7843051691554818,0.5882880834704195,0.13205657544302452,0.21569483084451824,0.924922362895713,nan
20240305_P013T_A003_cropped_isotropic,cyto2,0,0,,False,True,70,True,0.5,0.0,False,15,0.5,100,0.0,0.1,Nuclei,3.7222940921783447,0.7843051691554818,0.5882880834704195,0.13205657544302452,0.21569483084451824,0.924922362895713,nan
20240305_P013T_A003_cropped_isotropic,cyto2,0,0,,False,True,70,True,0.7,0.1,False,15,0.5,100,0.0,0.1,Nuclei,3.7551209926605225,0.7845785545837276,0.5902034697601675,0.13175585055139039,0.21542144541627237,0.9286398592030176,nan
20240305_P013T_A003_cropped_isotropic,cyto3,0,0,,True,False,100,True,0.3,0.5,False,15,0.5,100,0.0,0.1,Nuclei,7.52548623085022,0.792664730805473,0.11774990027578543,0.8668245518384228,0.20733526919452705,0.12594927772434286,0.0018010701519055499
20240305_P013T_A003_cropped_isotropic,cyto3,0,0,,False,True,50,True,0.5,0.1,False,15,0.5,100,0.0,0.1,Nuclei,3.537630081176758,0.022422278917588967,0.9570553253358486,0.9989995379040302,0.9775777210824111,0.9815788223661134,nan
20240305_P013T_A001a_cropped_isotropic,cyto2,0,0,,True,True,10,True,0.5,0.1,False,15,0.5,100,0.0,0.1,Nuclei,0.6838099956512451,0.8599426952573719,1.0,0.07530194618348045,0.14005730474262817,0.8952307339465703,nan
20240305_P013T_A001a_cropped_isotropic,nuclei,0,0,,False,True,30,True,0.3,0.1,False,15,0.5,100,0.0,0.1,Nuclei,0.7319040298461914,0.1886509199277897,0.8003107441169178,0.8226961683908236,0.8113490800722103,0.880219621273643,nan
20240305_P013T_A001a_cropped_isotropic,cyto3,0,0,,False,True,70,True,0.3,0.1,False,15,0.5,100,0.0,0.1,Nuclei,0.7180130481719971,0.11842706093560307,1.0,0.7882256875356096,0.8815729390643969,0.7795727035521602,nan
20240305_P013T_A001a_cropped_isotropic,cyto3,0,0,,False,True,70,True,0.5,0.0,False,15,0.5,100,0.0,0.1,Nuclei,0.7071762084960938,0.11842706093560307,1.0,0.7882256875356096,0.8815729390643969,0.7735533569936485,nan
20240305_P013T_A001a_cropped_isotropic,nuclei,0,0,,False,True,50,True,0.3,0.2,False,15,0.5,100,0.0,0.1,Nuclei,0.699970006942749,0.22393251705572603,0.8070419899236616,0.7473827162890011,0.7760674829442741,0.8822751556382175,nan
20240305_P013T_A001a_cropped_isotropic,cyto3,0,0,,False,True,50,True,0.1,0.0,False,15,0.5,100,0.0,0.1,Nuclei,0.7124538421630859,0.027584072436919516,0.9494218233208152,0.996551467492158,0.9724159275630804,0.818969660812668,nan
20240305_P013T_A001a_cropped_isotropic,cyto3,0,0,,False,True,30,True,0.1,0.0,False,15,0.5,100,0.0,0.1,Membranes,0.737008810043335,0.8215355502342718,0.8104272586560958,0.1002727750595444,0.17846444976572817,0.6957242868845236,nan
20240305_P013T_A001a_cropped_isotropic,nuclei,0,0,,True,False,50,True,0.7,0.1,False,15,0.5,100,0.0,0.1,Membranes,0.7209153175354004,0.8245304026962228,0.9997575139687079,0.09617471441847508,0.1754695973037772,0.7441515219591504,nan
20240305_P013T_A001a_cropped_isotropic,nuclei,0,0,,False,True,30,True,0.3,0.1,False,15,0.5,100,0.0,0.1,Membranes,0.6990852355957031,0.8207823185747984,0.9928221266783194,0.09849903803213071,0.17921768142520153,0.7319199941862123,nan
20240305_P013T_A001a_cropped_isotropic,cyto3,0,0,,False,True,70,True,0.3,0.1,False,15,0.5,100,0.0,0.1,Membranes,0.7766718864440918,0.723003736570075,0.8592945866267095,0.1651099891371576,0.27699626342992495,0.5363657926748329,nan
20240305_P013T_A001a_cropped_isotropic,cyto3,0,0,,True,True,50,True,0.3,0.0,False,15,0.5,100,0.0,0.1,Membranes,0.6763620376586914,0.8246096187188332,1.0,0.09612488034800493,0.17539038128116677,0.744174412500386,nan
20240305_P013T_A001a_cropped_isotropic,cyto3,0,0,,False,True,70,True,0.5,0.0,False,15,0.5,100,0.0,0.1,Membranes,0.7501208782196045,0.7230179903822118,0.8593921739346843,0.16509625839203884,0.27698200961778824,0.5340546825570457,nan
20240305_P013T_A001a_cropped_isotropic,nuclei,0,0,,False,True,50,True,0.3,0.2,False,15,0.5,100,0.0,0.1,Membranes,0.7020280361175537,0.8196144526623652,0.9966320908114753,0.09916715978405942,0.18038554733763482,0.7346467914780519,nan
20240305_P013T_A001a_cropped_isotropic,cyto3,0,0,,True,False,70,True,0.1,0.1,False,15,0.5,100,0.0,0.1,Membranes,1.6391849517822266,0.8646639441690687,0.18739799950575348,0.10591210282126533,0.13533605583093128,0.20725654340480518,0.007676623628073249
20240305_P013T_A001a_cropped_isotropic,nuclei,0,0,,False,True,50,True,0.5,0.2,False,15,0.5,100,0.0,0.1,Membranes,0.6975200176239014,0.8196144526623652,0.9966320908114753,0.09916715978405942,0.18038554733763482,0.7346467914780519,nan
20240305_P013T_A001a_cropped_isotropic,cyto3,0,0,,True,True,100,True,0.1,0.5,False,15,0.5,100,0.0,0.1,Membranes,0.6742701530456543,0.8246096187188332,1.0,0.09612488034800493,0.17539038128116677,0.7442183101603551,nan
20240305_P013T_A001a_cropped_isotropic,cyto3,0,0,,True,False,50,True,0.3,0.2,False,15,0.5,100,0.0,0.1,Membranes,1.5801210403442383,0.8647363947212818,0.1871218205334602,0.10591165905634457,0.13526360527871817,0.20726080112993675,0.007636147632711593
20240305_P013T_A001a_cropped_isotropic,cyto3,0,0,,False,True,70,True,0.3,0.0,False,15,0.5,100,0.0,0.1,Membranes,0.7681739330291748,0.7230179903822118,0.8593921739346843,0.16509625839203884,0.27698200961778824,0.5340546825570457,nan
20240305_P013T_A001a_cropped_isotropic,nuclei,0,0,,False,True,70,True,0.3,0.0,False,15,0.5,100,0.0,0.1,Membranes,0.704312801361084,0.8212922214510685,0.9969148861115935,0.09815122362036462,0.1787077785489315,0.7335734526461337,nan
20240305_P013T_A001a_cropped_isotropic,cyto2,0,0,,True,True,30,True,0.1,0.5,False,15,0.5,100,0.0,0.1,Membranes,0.6870770454406738,0.8246096187188332,1.0,0.09612488034800493,0.17539038128116677,0.7396052827925788,nan
20240305_P013T_A001a_cropped_isotropic,cyto,0,0,,False,False,50,True,0.7,0.2,False,15,0.5,100,0.0,0.1,Membranes,1.6137840747833252,0.9418290702118235,0.041707660618274314,0.09610742260975288,0.05817092978817652,0.08110177381419051,0.008393146934294604
20240305_P013T_A001a_cropped_isotropic,nuclei,0,0,,False,True,30,True,0.3,0.0,False,15,0.5,100,0.0,0.1,Membranes,0.7020087242126465,0.8206728303878476,0.9926511112611583,0.0985668732843101,0.1793271696121525,0.7314307549244214,nan
20240305_P013T_A001a_cropped_isotropic,nuclei,0,0,,False,True,50,True,0.5,0.1,False,15,0.5,100,0.0,0.1,Membranes,0.7005467414855957,0.8195248866123186,0.9964986451228516,0.09922262373692597,0.18047511338768138,0.7341301877937948,nan
20240305_P013T_A001a_cropped_isotropic,cyto3,0,0,,False,True,30,True,0.5,0.1,False,15,0.5,100,0.0,0.1,Membranes,0.7337427139282227,0.8214097591785549,0.818548819980325,0.10022906361028588,0.17859024082144517,0.6970849305651121,nan
20240305_P013T_A001a_cropped_isotropic,cyto3,0,0,,False,True,30,True,0.3,0.0,False,15,0.5,100,0.0,0.1,Membranes,0.7178888320922852,0.8214596977055848,0.809751300181318,0.10033103719055357,0.17854030229441512,0.6957194504439429,nan
20240305_P013T_A001a_cropped_isotropic,cyto3,0,0,,False,True,70,True,0.5,0.2,False,15,0.5,100,0.0,0.1,Membranes,0.7531750202178955,0.7229895190015945,0.8592006694967961,0.16512356062983605,0.27701048099840553,0.5387134290080129,nan
20240305_P013T_A001a_cropped_isotropic,cyto3,0,0,,False,True,50,True,0.5,0.1,False,15,0.5,100,0.0,0.1,Membranes,0.7685408592224121,0.6385287027213655,0.4739358057179967,0.2921454616985547,0.36147129727863453,0.6067714622941418,nan
20240305_P013T_A001a_cropped_isotropic,cyto,0,0,,True,False,10,True,0.7,0.0,False,15,0.5,100,0.0,0.1,Membranes,1.6196680068969727,0.9420314625210325,0.041511097965341956,0.09604735543252182,0.057968537478967457,0.08092104954690348,0.008379392012329083
20240305_P013T_A001a_cropped_isotropic,cyto3,0,0,,False,True,30,True,0.3,0.2,False,15,0.5,100,0.0,0.1,Membranes,0.7312569618225098,0.8214815032959548,0.8234275452811206,0.10011127431077557,0.17851849670404515,0.697626380991812,nan
20240305_P013T_A001a_cropped_isotropic,nuclei,0,0,,False,True,70,True,0.3,0.2,False,15,0.5,100,0.0,0.1,Membranes,0.6982841491699219,0.8216020852203423,0.997320015825447,0.09796040381321518,0.17839791477965777,0.7347946393661299,nan
20240305_P013T_A001a_cropped_isotropic,cyto3,0,0,,False,True,50,True,0.5,0.2,False,15,0.5,100,0.0,0.1,Membranes,0.7614116668701172,0.6362355240809959,0.4689756184492418,0.29711007229244724,0.36376447591900407,0.6080214309476424,nan
20240305_P013T_A001a_cropped_isotropic,nuclei,0,0,,True,True,100,True,0.1,0.1,False,15,0.5,100,0.0,0.1,Membranes,0.6911070346832275,0.8246096187188332,1.0,0.09612488034800493,0.17539038128116677,0.7428375356086675,nan
20240305_P013T_A001a_cropped_isotropic,cyto2,0,0,,False,False,30,True,0.7,0.1,False,15,0.5,100,0.0,0.1,Membranes,0.9537110328674316,0.8256720718124616,0.6993492205901312,0.09957451556640998,0.17432792818753842,0.5009393227654927,0.0061073705132332155
20240305_P013T_A001a_cropped_isotropic,nuclei,0,0,,True,True,17,True,0.1,0.0,False,15,0.5,100,0.0,0.1,Membranes,0.6913149356842041,0.8246096187188332,1.0,0.09612488034800493,0.17539038128116677,0.743980535159603,nan
20240305_P013T_A001a_cropped_isotropic,nuclei,0,0,,False,True,50,True,0.3,0.0,False,15,0.5,100,0.0,0.1,Membranes,0.6983540058135986,0.8194284757774473,0.9963541564627509,0.09928234436801488,0.18057152422255282,0.7331247587410162,nan
20240305_P013T_A001a_cropped_isotropic,cyto3,0,0,,False,True,70,True,0.3,0.2,False,15,0.5,100,0.0,0.1,Membranes,0.7529788017272949,0.7229895190015945,0.8592006694967961,0.16512356062983605,0.27701048099840553,0.5387134290080129,nan
20240305_P013T_A001a_cropped_isotropic,cyto3,0,0,,False,True,70,True,0.5,0.1,False,15,0.5,100,0.0,0.1,Membranes,0.7622489929199219,0.723003736570075,0.8592945866267095,0.1651099891371576,0.27699626342992495,0.5363657926748329,nan
20240305_P013T_A001a_cropped_isotropic,nuclei,0,0,,True,True,30,True,0.7,0.2,False,15,0.5,100,0.0,0.1,Membranes,0.7076408863067627,0.8246096187188332,1.0,0.09612488034800493,0.17539038128116677,0.7432100297167533,nan
20240305_P013T_A001a_cropped_isotropic,nuclei,0,0,,False,True,50,True,0.3,0.1,False,15,0.5,100,0.0,0.1,Membranes,0.7044882774353027,0.8195248866123186,0.9964986451228516,0.09922262373692597,0.18047511338768138,0.7341301877937948,nan
20240305_P013T_A001a_cropped_isotropic,nuclei,0,0,,False,True,70,True,0.5,0.2,False,15,0.5,100,0.0,0.1,Membranes,0.700685977935791,0.8216020852203423,0.997320015825447,0.09796040381321518,0.17839791477965777,0.7347946393661299,nan
20240305_P013T_A001a_cropped_isotropic,cyto3,0,0,,False,True,50,True,0.5,0.0,False,15,0.5,100,0.0,0.1,Membranes,0.7666668891906738,0.6390557937365771,0.4765149162225288,0.2904905821102621,0.36094420626342283,0.6054237226470323,nan
20240305_P013T_A001a_cropped_isotropic,nuclei,0,0,,False,True,70,True,0.5,0.0,False,15,0.5,100,0.0,0.1,Membranes,0.7088329792022705,0.8212922214510685,0.9969148861115935,0.09815122362036462,0.1787077785489315,0.7335734526461337,nan
20240305_P013T_A001a_cropped_isotropic,cyto3,0,0,,False,True,30,True,0.5,0.0,False,15,0.5,100,0.0,0.1,Membranes,0.7325451374053955,0.8214596977055848,0.809751300181318,0.10033103719055357,0.17854030229441512,0.6957194504439429,nan
20240305_P013T_A001a_cropped_isotropic,nuclei,0,0,,False,True,70,True,0.3,0.1,False,15,0.5,100,0.0,0.1,Membranes,0.6986980438232422,0.8214187555632015,0.9971812837987021,0.09807231317914902,0.17858124443679843,0.7342505236302596,nan
20240305_P013T_A001a_cropped_isotropic,nuclei,0,0,,False,False,50,True,0.5,0.2,False,15,0.5,100,0.0,0.1,Membranes,0.6853456497192383,0.8245304026962228,0.9997575139687079,0.09617471441847508,0.1754695973037772,0.7441515219591504,nan
20240305_P013T_A001a_cropped_isotropic,nuclei,0,0,,False,True,30,True,0.3,0.2,False,15,0.5,100,0.0,0.1,Membranes,0.7087171077728271,0.8208263107615656,0.993162774421663,0.09846911169176133,0.17917368923843427,0.7324554744256879,nan
20240305_P013T_A001a_cropped_isotropic,nuclei,0,0,,False,True,30,True,0.5,0.2,False,15,0.5,100,0.0,0.1,Membranes,0.7021660804748535,0.8208263107615656,0.993162774421663,0.09846911169176133,0.17917368923843427,0.7324554744256879,nan
20240305_P013T_A001a_cropped_isotropic,cyto3,0,0,,False,True,50,True,0.3,0.0,False,15,0.5,100,0.0,0.1,Membranes,0.7712182998657227,0.6390557937365771,0.4765149162225288,0.2904905821102621,0.36094420626342283,0.6054237226470323,nan
20240305_P013T_A001a_cropped_isotropic,nuclei,0,0,,False,True,50,True,0.5,0.0,False,15,0.5,100,0.0,0.1,Membranes,0.6941218376159668,0.8194284757774473,0.9963541564627509,0.09928234436801488,0.18057152422255282,0.7331247587410162,nan
20240305_P013T_A001a_cropped_isotropic,cyto2,0,0,,False,False,100,True,0.5,0.0,False,15,0.5,100,0.0,0.1,Membranes,0.94968581199646,0.8256783523341348,0.699327075355811,0.0995708663537944,0.17432164766586516,0.500912400273069,0.006097929760294013
20240305_P013T_A001a_cropped_isotropic,cyto3,0,0,,False,True,30,True,0.3,0.1,False,15,0.5,100,0.0,0.1,Membranes,0.7270650863647461,0.8214097591785549,0.818548819980325,0.10022906361028588,0.17859024082144517,0.6970849305651121,nan
20240305_P013T_A001a_cropped_isotropic,cyto,0,0,,False,False,17,True,0.1,0.2,False,15,0.5,100,0.0,0.1,Membranes,1.635652780532837,0.9418290702118235,0.041707660618274314,0.09610742260975288,0.05817092978817652,0.08110177381419051,0.008393146934294604
20240305_P013T_A001a_cropped_isotropic,cyto2,0,0,,False,False,50,True,0.5,0.5,False,15,0.5,100,0.0,0.1,Membranes,0.9643738269805908,0.8256396797047476,0.7001882579351761,0.09957865920627945,0.1743603202952524,0.5013763999247206,0.00610366632267877
20240305_P013T_A001a_cropped_isotropic,cyto3,0,0,,False,False,10,True,0.7,0.0,False,15,0.5,100,0.0,0.1,Membranes,1.600052833557129,0.8647066910045101,0.18712959908130342,0.10594559231423863,0.1352933089954898,0.20727963869845775,0.007681249077604504
20240305_P013T_A001a_cropped_isotropic,cyto,0,0,,True,True,100,True,0.7,0.0,False,15,0.5,100,0.0,0.1,Membranes,0.6580119132995605,0.8246096187188332,1.0,0.09612488034800493,0.17539038128116677,0.7442756766906148,nan
20240305_P013T_A001a_cropped_isotropic,cyto3,0,0,,False,True,50,True,0.3,0.1,False,15,0.5,100,0.0,0.1,Membranes,0.7578189373016357,0.6385287027213655,0.4739358057179967,0.2921454616985547,0.36147129727863453,0.6067714622941418,nan
20240305_P013T_A001a_cropped_isotropic,nuclei,0,0,,True,True,30,True,0.3,0.1,False,15,0.5,100,0.0,0.1,Membranes,0.684751033782959,0.8246096187188332,1.0,0.09612488034800493,0.17539038128116677,0.742469769869701,nan
20240305_P013T_A001a_cropped_isotropic,nuclei,0,0,,False,True,70,True,0.5,0.1,False,15,0.5,100,0.0,0.1,Membranes,0.6959071159362793,0.8214187555632015,0.9971812837987021,0.09807231317914902,0.17858124443679843,0.7342505236302596,nan
20240305_P013T_A001a_cropped_isotropic,cyto,0,0,,True,False,50,True,0.3,0.5,False,15,0.5,100,0.0,0.1,Membranes,1.6253139972686768,0.9417112936550455,0.04182262493917328,0.0961403394924202,0.05828870634495452,0.08124064254657119,0.008398585981236594
20240305_P013T_A001a_cropped_isotropic,nuclei,0,0,,False,False,10,True,0.7,0.1,False,15,0.5,100,0.0,0.1,Membranes,0.7050459384918213,0.824608162567007,0.9998893218926386,0.09612677793204527,0.17539183743299303,0.7441006263206602,nan
20240305_P013T_A001a_cropped_isotropic,cyto3,0,0,,True,True,17,True,0.5,0.0,False,15,0.5,100,0.0,0.1,Membranes,0.6784701347351074,0.8246096187188332,1.0,0.09612488034800493,0.17539038128116677,0.744174412500386,nan
20240305_P013T_A001a_cropped_isotropic,cyto3,0,0,,False,True,50,True,0.3,0.2,False,15,0.5,100,0.0,0.1,Membranes,0.7605741024017334,0.6362355240809959,0.4689756184492418,0.29711007229244724,0.36376447591900407,0.6080214309476424,nan
20240305_P013T_A001a_cropped_isotropic,nuclei,0,0,,False,True,30,True,0.5,0.0,False,15,0.5,100,0.0,0.1,Membranes,0.7014012336730957,0.8206728303878476,0.9926511112611583,0.0985668732843101,0.1793271696121525,0.7314307549244214,nan
20240305_P013T_A001a_cropped_isotropic,cyto2,0,0,,False,False,100,True,0.3,0.0,False,15,0.5,100,0.0,0.1,Membranes,0.9684779644012451,0.8256783523341348,0.699327075355811,0.0995708663537944,0.17432164766586516,0.500912400273069,0.006097929760294013
20240305_P013T_A001a_cropped_isotropic,cyto,0,0,,False,False,30,True,0.7,0.1,False,15,0.5,100,0.0,0.1,Membranes,1.623668909072876,0.9418418171788759,0.04169482021415658,0.0961060202886538,0.0581581828211241,0.0810946347317653,0.008395492490835202
20240305_P013T_A001a_cropped_isotropic,cyto3,0,0,,False,True,30,True,0.5,0.2,False,15,0.5,100,0.0,0.1,Membranes,0.7213587760925293,0.8214815032959548,0.8234275452811206,0.10011127431077557,0.17851849670404515,0.697626380991812,nan
20240305_P013T_A001a_cropped_isotropic,nuclei,0,0,,False,True,30,True,0.5,0.1,False,15,0.5,100,0.0,0.1,Membranes,0.7119088172912598,0.8207823185747984,0.9928221266783194,0.09849903803213071,0.17921768142520153,0.7319199941862123,nan
20240305_P013T_A005_cropped_isotropic,nuclei,0,0,,False,True,70,True,0.5,0.0,False,15,0.5,100,0.0,0.1,Nuclei,0.7749991416931152,0.3958729459862447,0.48512486754770284,0.8004886673356538,0.6041270540137553,0.957495468505424,nan
20240305_P013T_A005_cropped_isotropic,cyto3,0,0,,False,True,50,True,0.3,0.2,False,15,0.5,100,0.0,0.1,Nuclei,0.8095741271972656,0.09987434233784398,0.8203703022415672,0.9970584053175847,0.9001256576621561,0.928341056517061,nan
20240305_P013T_A005_cropped_isotropic,nuclei,0,0,,False,True,30,True,0.5,0.2,False,15,0.5,100,0.0,0.1,Nuclei,0.7725849151611328,0.4628109316746184,0.3813881281002266,0.9081966716921066,0.5371890683253816,0.9509210089611683,nan
20240305_P013T_A005_cropped_isotropic,cyto3,0,0,,False,True,50,True,0.3,0.0,False,15,0.5,100,0.0,0.1,Nuclei,0.7826759815216064,0.09987434233784398,0.8203703022415672,0.9970584053175847,0.9001256576621561,0.9276310970895646,nan
20240305_P013T_A005_cropped_isotropic,cyto3,0,0,,False,True,50,True,0.3,0.1,False,15,0.5,100,0.0,0.1,Nuclei,0.7849240303039551,0.09987434233784398,0.8203703022415672,0.9970584053175847,0.9001256576621561,0.9280050465654188,nan
20240305_P013T_A005_cropped_isotropic,nuclei,0,0,,False,True,50,True,0.3,0.2,False,15,0.5,100,0.0,0.1,Nuclei,0.7818002700805664,0.15404502927736718,0.7582140138862961,0.9566602373865076,0.8459549707226328,0.9536866235212518,nan
20240305_P013T_A005_cropped_isotropic,cyto3,0,0,,False,True,70,True,0.3,0.0,False,15,0.5,100,0.0,0.1,Nuclei,0.7766139507293701,0.27941645291648975,1.0,0.5632126626485897,0.7205835470835101,0.9091279114805144,0.28433153483036866
20240305_P013T_A005_cropped_isotropic,nuclei,0,0,,False,True,30,True,0.3,0.0,False,15,0.5,100,0.0,0.1,Nuclei,0.7634942531585693,0.45965548595076366,0.37949522577514416,0.9378548977361578,0.5403445140492363,0.9503477699343496,nan
20240305_P013T_A005_cropped_isotropic,cyto3,0,0,,False,True,70,True,0.5,0.2,False,15,0.5,100,0.0,0.1,Nuclei,0.7813079357147217,0.27941645291648975,1.0,0.5632126626485897,0.7205835470835101,0.9102455788944058,nan
20240305_P013T_A005_cropped_isotropic,nuclei,0,0,,False,True,50,True,0.5,0.2,False,15,0.5,100,0.0,0.1,Nuclei,0.7749607563018799,0.15404502927736718,0.7582140138862961,0.9566602373865076,0.8459549707226328,0.9536866235212518,nan
20240305_P013T_A005_cropped_isotropic,cyto3,0,0,,False,True,30,True,0.5,0.1,False,15,0.5,100,0.0,0.1,Nuclei,0.769921064376831,0.28315352391211535,0.5589175425554009,0.9991756917504884,0.7168464760878847,0.9363353383772799,nan
20240305_P013T_A005_cropped_isotropic,nuclei,0,0,,False,True,70,True,0.3,0.1,False,15,0.5,100,0.0,0.1,Nuclei,0.7722668647766113,0.4082720054625002,0.48015075327675727,0.7708601759200218,0.5917279945374998,0.9582785679892768,nan
20240305_P013T_A005_cropped_isotropic,cyto3,0,0,,False,True,30,True,0.5,0.2,False,15,0.5,100,0.0,0.1,Nuclei,0.7640693187713623,0.2832312916347679,0.5588231188724979,0.9991752985970445,0.716768708365232,0.9366282216763127,nan
20240305_P013T_A005_cropped_isotropic,nuclei,0,0,,False,True,70,True,0.5,0.1,False,15,0.5,100,0.0,0.1,Nuclei,0.772475004196167,0.4082720054625002,0.48015075327675727,0.7708601759200218,0.5917279945374998,0.9582785679892768,nan
20240305_P013T_A005_cropped_isotropic,cyto3,0,0,,False,True,50,True,0.5,0.1,False,15,0.5,100,0.0,0.1,Nuclei,0.7950558662414551,0.09987434233784398,0.8203703022415672,0.9970584053175847,0.9001256576621561,0.9280050465654188,nan
20240305_P013T_A005_cropped_isotropic,cyto3,0,0,,False,True,70,True,0.5,0.0,False,15,0.5,100,0.0,0.1,Nuclei,0.7775440216064453,0.27941645291648975,1.0,0.5632126626485897,0.7205835470835101,0.9091279114805144,0.28433153483036866
20240305_P013T_A005_cropped_isotropic,nuclei,0,0,,False,True,70,True,0.3,0.2,False,15,0.5,100,0.0,0.1,Nuclei,0.7682290077209473,0.4152313648418978,0.4764540995226921,0.7568200781013433,0.5847686351581022,0.9587910834178415,nan
20240305_P013T_A005_cropped_isotropic,cyto3,0,0,,False,True,30,True,0.3,0.1,False,15,0.5,100,0.0,0.1,Nuclei,0.7738418579101562,0.28315352391211535,0.5589175425554009,0.9991756917504884,0.7168464760878847,0.9363353383772799,nan
20240305_P013T_A005_cropped_isotropic,cyto3,0,0,,False,True,70,True,0.5,0.1,False,15,0.5,100,0.0,0.1,Nuclei,0.7673161029815674,0.27941645291648975,1.0,0.5632126626485897,0.7205835470835101,0.9096671937456414,nan
20240305_P013T_A005_cropped_isotropic,cyto3,0,0,,False,True,50,True,0.5,0.2,False,15,0.5,100,0.0,0.1,Nuclei,0.7891538143157959,0.09987434233784398,0.8203703022415672,0.9970584053175847,0.9001256576621561,0.928341056517061,nan
20240305_P013T_A005_cropped_isotropic,cyto3,0,0,,False,True,50,True,0.5,0.0,False,15,0.5,100,0.0,0.1,Nuclei,0.7908451557159424,0.09987434233784398,0.8203703022415672,0.9970584053175847,0.9001256576621561,0.9276310970895646,nan
20240305_P013T_A005_cropped_isotropic,cyto3,0,0,,False,True,30,True,0.3,0.2,False,15,0.5,100,0.0,0.1,Nuclei,0.7633600234985352,0.2832312916347679,0.5588231188724979,0.9991752985970445,0.716768708365232,0.9366282216763127,nan
20240305_P013T_A005_cropped_isotropic,nuclei,0,0,,False,True,30,True,0.5,0.1,False,15,0.5,100,0.0,0.1,Nuclei,0.7637321949005127,0.4615868150483021,0.37897180931303065,0.9294539050644821,0.5384131849516979,0.9506740613787947,nan
20240305_P013T_A005_cropped_isotropic,cyto3,0,0,,False,True,30,True,0.3,0.0,False,15,0.5,100,0.0,0.1,Nuclei,0.7621357440948486,0.2830440492838615,0.5590506187792282,0.999175812435406,0.7169559507161385,0.9360293567850179,nan
20240305_P013T_A005_cropped_isotropic,nuclei,0,0,,False,True,30,True,0.3,0.1,False,15,0.5,100,0.0,0.1,Nuclei,0.7715058326721191,0.4615868150483021,0.37897180931303065,0.9294539050644821,0.5384131849516979,0.9506740613787947,nan
20240305_P013T_A005_cropped_isotropic,cyto3,0,0,,False,True,70,True,0.3,0.2,False,15,0.5,100,0.0,0.1,Nuclei,0.7757868766784668,0.27941645291648975,1.0,0.5632126626485897,0.7205835470835101,0.9102455788944058,nan
20240305_P013T_A005_cropped_isotropic,cyto3,0,0,,False,True,70,True,0.3,0.1,False,15,0.5,100,0.0,0.1,Nuclei,0.7615029811859131,0.27941645291648975,1.0,0.5632126626485897,0.7205835470835101,0.9096671937456414,nan
20240305_P013T_A005_cropped_isotropic,nuclei,0,0,,False,True,70,True,0.5,0.2,False,15,0.5,100,0.0,0.1,Nuclei,0.7729640007019043,0.4152313648418978,0.4764540995226921,0.7568200781013433,0.5847686351581022,0.9587910834178415,nan
20240305_P013T_A005_cropped_isotropic,nuclei,0,0,,False,True,50,True,0.5,0.0,False,15,0.5,100,0.0,0.1,Nuclei,0.7667880058288574,0.1358854227786701,0.7820505370291894,0.9654204362859421,0.8641145772213299,0.9528636595566926,nan
20240305_P013T_A005_cropped_isotropic,nuclei,0,0,,False,True,70,True,0.3,0.0,False,15,0.5,100,0.0,0.1,Nuclei,0.770103931427002,0.3958729459862447,0.48512486754770284,0.8004886673356538,0.6041270540137553,0.957495468505424,nan
20240305_P013T_A005_cropped_isotropic,nuclei,0,0,,False,True,50,True,0.3,0.0,False,15,0.5,100,0.0,0.1,Nuclei,0.7648699283599854,0.1358854227786701,0.7820505370291894,0.9654204362859421,0.8641145772213299,0.9528636595566926,nan
20240305_P013T_A005_cropped_isotropic,nuclei,0,0,,False,True,30,True,0.3,0.2,False,15,0.5,100,0.0,0.1,Nuclei,0.7803168296813965,0.4628109316746184,0.3813881281002266,0.9081966716921066,0.5371890683253816,0.9509210089611683,nan
20240305_P013T_A005_cropped_isotropic,nuclei,0,0,,False,True,30,True,0.5,0.0,False,15,0.5,100,0.0,0.1,Nuclei,0.7724008560180664,0.45965548595076366,0.37949522577514416,0.9378548977361578,0.5403445140492363,0.9503477699343496,nan
20240305_P013T_A005_cropped_isotropic,nuclei,0,0,,False,True,50,True,0.3,0.1,False,15,0.5,100,0.0,0.1,Nuclei,0.7757401466369629,0.1477429270995685,0.7661792036601389,0.9601240467872233,0.8522570729004315,0.953227479810022,nan
20240305_P013T_A005_cropped_isotropic,cyto3,0,0,,False,True,30,True,0.5,0.0,False,15,0.5,100,0.0,0.1,Nuclei,0.7784128189086914,0.2830440492838615,0.5590506187792282,0.999175812435406,0.7169559507161385,0.9360293567850179,nan
20240305_P013T_A005_cropped_isotropic,nuclei,0,0,,False,True,50,True,0.5,0.1,False,15,0.5,100,0.0,0.1,Nuclei,0.7741391658782959,0.1477429270995685,0.7661792036601389,0.9601240467872233,0.8522570729004315,0.953227479810022,nan
20240305_P013T_D004_cropped_isotropic,nuclei,0,0,,False,True,50,True,0.5,0.1,False,15,0.5,100,0.0,0.1,Nuclei,5.06555700302124,0.7930407787233484,0.9434473568966197,0.11622775467785501,0.2069592212766515,0.9884677816301741,nan
20240305_P013T_D004_cropped_isotropic,nuclei,0,0,,False,True,30,True,0.3,0.2,False,15,0.5,100,0.0,0.1,Nuclei,5.023664236068726,0.7910975158947886,0.8650245269723245,0.11879576635112041,0.20890248410521145,0.9883999089678134,0.0433721253183544
20240305_P013T_D004_cropped_isotropic,cyto3,0,0,,False,True,50,True,0.5,0.1,False,15,0.5,100,0.0,0.1,Nuclei,4.897986650466919,0.08992001811643457,0.9909701781816688,0.8413988829883239,0.9100799818835655,0.9711904812528619,0.32736796609398844
20240305_P013T_D004_cropped_isotropic,cyto3,0,0,,False,True,50,True,0.3,0.2,False,15,0.5,100,0.0,0.1,Nuclei,4.894028186798096,0.0901451328556464,0.990489383164857,0.841360730362528,0.9098548671443536,0.9714472992627134,0.32985865561715344
20240305_P013T_D004_cropped_isotropic,cyto3,0,0,,False,True,30,True,0.5,0.0,False,15,0.5,100,0.0,0.1,Nuclei,5.017764091491699,0.1484055865627999,0.7507609534004994,0.98371563023689,0.8515944134372002,0.9783375749588338,0.37746287595254097
20240305_P013T_D004_cropped_isotropic,cyto3,0,0,,False,True,50,True,0.3,0.0,False,15,0.5,100,0.0,0.1,Nuclei,4.912398099899292,0.0896006036398791,0.9916089489050198,0.8414845449517693,0.9103993963601208,0.9709334746537523,0.3249887028204789
20240305_P013T_D004_cropped_isotropic,nuclei,0,0,,False,True,50,True,0.3,0.1,False,15,0.5,100,0.0,0.1,Nuclei,4.876474142074585,0.7930407787233484,0.9434473568966197,0.11622775467785501,0.2069592212766515,0.9884677816301741,nan
20240305_P013T_D004_cropped_isotropic,cyto3,0,0,,False,True,30,True,0.3,0.1,False,15,0.5,100,0.0,0.1,Nuclei,4.926263093948364,0.15029573589548229,0.7480588650230411,0.9833161604785078,0.8497042641045177,0.9784924990923011,0.3792749827426317
20240305_P013T_D004_cropped_isotropic,nuclei,0,0,,False,True,50,True,0.5,0.2,False,15,0.5,100,0.0,0.1,Nuclei,4.900170087814331,0.7930793960848171,0.9456660788663835,0.11616982541923733,0.20692060391518288,0.9884967004326619,nan
20240305_P013T_D004_cropped_isotropic,nuclei,0,0,,False,True,30,True,0.5,0.1,False,15,0.5,100,0.0,0.1,Nuclei,4.903641939163208,0.790839711039699,0.8630652706447801,0.11899968448457149,0.20916028896030103,0.9883714090319301,0.043955987647995
20240305_P013T_D004_cropped_isotropic,nuclei,0,0,,False,True,50,True,0.3,0.0,False,15,0.5,100,0.0,0.1,Nuclei,4.878983974456787,0.7930194238953407,0.9411494492742875,0.11627620411099283,0.20698057610465928,0.9884287217772657,nan
20240305_P013T_D004_cropped_isotropic,cyto3,0,0,,False,True,30,True,0.5,0.2,False,15,0.5,100,0.0,0.1,Nuclei,4.939873695373535,0.15245592771173444,0.7449903413838599,0.9828396100911422,0.8475440722882654,0.9786463145142971,0.38100489972967405
20240305_P013T_D004_cropped_isotropic,cyto3,0,0,,False,True,30,True,0.3,0.0,False,15,0.5,100,0.0,0.1,Nuclei,4.880940198898315,0.1484055865627999,0.7507609534004994,0.98371563023689,0.8515944134372002,0.9783375749588338,0.37746287595254097
20240305_P013T_D004_cropped_isotropic,nuclei,0,0,,False,True,30,True,0.3,0.1,False,15,0.5,100,0.0,0.1,Nuclei,4.852536916732788,0.790839711039699,0.8630652706447801,0.11899968448457149,0.20916028896030103,0.9883714090319301,0.043955987647995
20240305_P013T_D004_cropped_isotropic,nuclei,0,0,,False,True,70,True,0.5,0.1,False,15,0.5,100,0.0,0.1,Nuclei,4.85181999206543,0.7937334809608164,1.0,0.11499284661213803,0.20626651903918358,0.9886383939163409,0.0
20240305_P013T_D004_cropped_isotropic,cyto3,0,0,,False,True,30,True,0.3,0.2,False,15,0.5,100,0.0,0.1,Nuclei,4.891733884811401,0.15245592771173444,0.7449903413838599,0.9828396100911422,0.8475440722882654,0.9786463145142971,0.38100489972967405
20240305_P013T_D004_cropped_isotropic,nuclei,0,0,,False,True,70,True,0.3,0.0,False,15,0.5,100,0.0,0.1,Nuclei,4.8409929275512695,0.7937334809608164,1.0,0.11499284661213803,0.20626651903918358,0.9885891838319985,0.0
20240305_P013T_D004_cropped_isotropic,nuclei,0,0,,False,True,70,True,0.5,0.2,False,15,0.5,100,0.0,0.1,Nuclei,4.924479007720947,0.7937334809608164,1.0,0.11499284661213803,0.20626651903918358,0.9886789706593194,0.0
20240305_P013T_D004_cropped_isotropic,cyto3,0,0,,False,True,70,True,0.3,0.2,False,15,0.5,100,0.0,0.1,Nuclei,5.016412019729614,0.6759053721633441,0.7431441402205018,0.2072365676873549,0.3240946278366559,0.9661505610757393,0.19503953116839762
20240305_P013T_D004_cropped_isotropic,nuclei,0,0,,False,True,70,True,0.3,0.1,False,15,0.5,100,0.0,0.1,Nuclei,4.853461980819702,0.7937334809608164,1.0,0.11499284661213803,0.20626651903918358,0.9886383939163409,0.0
20240305_P013T_D004_cropped_isotropic,nuclei,0,0,,False,True,50,True,0.3,0.2,False,15,0.5,100,0.0,0.1,Nuclei,4.900174856185913,0.7930793960848171,0.9456660788663835,0.11616982541923733,0.20692060391518288,0.9884967004326619,nan
20240305_P013T_D004_cropped_isotropic,cyto3,0,0,,False,True,70,True,0.5,0.1,False,15,0.5,100,0.0,0.1,Nuclei,4.885499000549316,0.675561174771937,0.7448451679555054,0.20738586395537026,0.324438825228063,0.9669270503517269,0.19399914517139194
20240305_P013T_D004_cropped_isotropic,nuclei,0,0,,False,True,30,True,0.5,0.0,False,15,0.5,100,0.0,0.1,Nuclei,4.917500972747803,0.7911095967519819,0.8591700018194721,0.11889921206523836,0.20889040324801814,0.9883460822197903,0.04580198854591269
20240305_P013T_D004_cropped_isotropic,cyto3,0,0,,False,True,70,True,0.3,0.0,False,15,0.5,100,0.0,0.1,Nuclei,4.92966890335083,0.6752598122006379,0.7462569109999523,0.20752276154153965,0.32474018779936203,0.9666429176275344,0.19271948207122136
20240305_P013T_D004_cropped_isotropic,nuclei,0,0,,False,True,30,True,0.3,0.0,False,15,0.5,100,0.0,0.1,Nuclei,4.924937009811401,0.7911095967519819,0.8591700018194721,0.11889921206523836,0.20889040324801814,0.9883460822197903,0.04580198854591269
20240305_P013T_D004_cropped_isotropic,nuclei,0,0,,False,True,70,True,0.3,0.2,False,15,0.5,100,0.0,0.1,Nuclei,4.880589008331299,0.7937334809608164,1.0,0.11499284661213803,0.20626651903918358,0.9886789706593194,0.0
20240305_P013T_D004_cropped_isotropic,nuclei,0,0,,False,True,50,True,0.5,0.0,False,15,0.5,100,0.0,0.1,Nuclei,4.867588043212891,0.7930194238953407,0.9411494492742875,0.11627620411099283,0.20698057610465928,0.9884287217772657,nan
20240305_P013T_D004_cropped_isotropic,cyto3,0,0,,False,True,70,True,0.3,0.1,False,15,0.5,100,0.0,0.1,Nuclei,4.89344596862793,0.675561174771937,0.7448451679555054,0.20738586395537026,0.324438825228063,0.9669270503517269,0.19399914517139194
20240305_P013T_D004_cropped_isotropic,nuclei,0,0,,False,True,70,True,0.5,0.0,False,15,0.5,100,0.0,0.1,Nuclei,4.899036169052124,0.7937334809608164,1.0,0.11499284661213803,0.20626651903918358,0.9885891838319985,0.0
20240305_P013T_D004_cropped_isotropic,cyto3,0,0,,False,True,30,True,0.5,0.1,False,15,0.5,100,0.0,0.1,Nuclei,5.003462076187134,0.15029573589548229,0.7480588650230411,0.9833161604785078,0.8497042641045177,0.9784924990923011,0.3792749827426317
20240305_P013T_D004_cropped_isotropic,cyto3,0,0,,False,True,50,True,0.5,0.0,False,15,0.5,100,0.0,0.1,Nuclei,4.915248870849609,0.0896006036398791,0.9916089489050198,0.8414845449517693,0.9103993963601208,0.9709334746537523,0.3249887028204789
20240305_P013T_D004_cropped_isotropic,cyto3,0,0,,False,True,50,True,0.5,0.2,False,15,0.5,100,0.0,0.1,Nuclei,4.897937059402466,0.0901451328556464,0.990489383164857,0.841360730362528,0.9098548671443536,0.9714472992627134,0.32985865561715344
20240305_P013T_D004_cropped_isotropic,nuclei,0,0,,False,True,30,True,0.5,0.2,False,15,0.5,100,0.0,0.1,Nuclei,4.914366960525513,0.7910975158947886,0.8650245269723245,0.11879576635112041,0.20890248410521145,0.9883999089678134,0.0433721253183544
20240305_P013T_D004_cropped_isotropic,cyto3,0,0,,False,True,50,True,0.3,0.1,False,15,0.5,100,0.0,0.1,Nuclei,4.967329025268555,0.08992001811643457,0.9909701781816688,0.8413988829883239,0.9100799818835655,0.9711904812528619,0.32736796609398844
20240305_P013T_D004_cropped_isotropic,cyto3,0,0,,False,True,70,True,0.5,0.2,False,15,0.5,100,0.0,0.1,Nuclei,4.990605115890503,0.6759053721633441,0.7431441402205018,0.2072365676873549,0.3240946278366559,0.9661505610757393,0.19503953116839762
20240305_P013T_D004_cropped_isotropic,cyto3,0,0,,False,True,70,True,0.5,0.0,False,15,0.5,100,0.0,0.1,Nuclei,4.913318157196045,0.6752598122006379,0.7462569109999523,0.20752276154153965,0.32474018779936203,0.9666429176275344,0.19271948207122136
20240305_P013T_A006_cropped_isotropic,nuclei,0,0,,False,True,70,True,0.5,0.1,False,15,0.5,100,0.0,0.1,Nuclei,3.502199172973633,0.5807505428651223,0.5265566890199832,0.34827444620471104,0.4192494571348776,0.9654566933502349,nan
20240305_P013T_A006_cropped_isotropic,nuclei,0,0,,False,True,50,True,0.3,0.1,False,15,0.5,100,0.0,0.1,Nuclei,3.5949318408966064,0.31547671121988274,0.652940282087689,0.7193169646036005,0.6845232887801173,0.9658848239290406,nan
20240305_P013T_A006_cropped_isotropic,nuclei,0,0,,False,True,30,True,0.3,0.0,False,15,0.5,100,0.0,0.1,Nuclei,3.4946448802948,0.3906630033227725,0.5481983317055414,0.6858246490926331,0.6093369966772275,0.9679844183317567,nan
20240305_P013T_A006_cropped_isotropic,cyto3,0,0,,False,True,70,True,0.5,0.1,False,15,0.5,100,0.0,0.1,Nuclei,3.4152979850769043,0.1932072691968303,0.9609052723000431,0.6952816171090477,0.8067927308031697,0.9511046226128649,nan
20240305_P013T_A006_cropped_isotropic,nuclei,0,0,,False,True,30,True,0.5,0.2,False,15,0.5,100,0.0,0.1,Nuclei,3.420156955718994,0.41682465358876886,0.5475008286728221,0.6238229231295296,0.5831753464112311,0.9697475557053773,nan
20240305_P013T_A006_cropped_isotropic,nuclei,0,0,,False,True,70,True,0.3,0.1,False,15,0.5,100,0.0,0.1,Nuclei,3.400879144668579,0.5807505428651223,0.5265566890199832,0.34827444620471104,0.4192494571348776,0.9654566933502349,nan
20240305_P013T_A006_cropped_isotropic,cyto3,0,0,,False,True,50,True,0.5,0.0,False,15,0.5,100,0.0,0.1,Nuclei,3.376995086669922,0.11268350170103825,0.9004088525699152,0.8745994248466269,0.8873164982989618,0.9577105933422296,nan
20240305_P013T_A006_cropped_isotropic,cyto3,0,0,,False,True,30,True,0.3,0.0,False,15,0.5,100,0.0,0.1,Nuclei,3.3784339427948,0.056195017340441744,0.9033816508016075,0.9880153937370436,0.9438049826595583,0.9659550071668107,nan
20240305_P013T_A006_cropped_isotropic,cyto3,0,0,,False,True,30,True,0.3,0.2,False,15,0.5,100,0.0,0.1,Nuclei,3.3945729732513428,0.056956449365275774,0.9020637530099719,0.9879238827029836,0.9430435506347241,0.9662403611229656,nan
20240305_P013T_A006_cropped_isotropic,nuclei,0,0,,False,True,50,True,0.5,0.2,False,15,0.5,100,0.0,0.1,Nuclei,3.388598918914795,0.33008023537190234,0.6540830500377743,0.6865423874644574,0.6699197646280977,0.9663634973689232,nan
20240305_P013T_A006_cropped_isotropic,nuclei,0,0,,False,True,30,True,0.5,0.0,False,15,0.5,100,0.0,0.1,Nuclei,3.384807825088501,0.3906630033227725,0.5481983317055414,0.6858246490926331,0.6093369966772275,0.9679844183317567,nan
20240305_P013T_A006_cropped_isotropic,nuclei,0,0,,False,True,70,True,0.5,0.2,False,15,0.5,100,0.0,0.1,Nuclei,3.3749678134918213,0.5955266118269049,0.5273060034060559,0.3280550327069302,0.4044733881730951,0.9670716872297225,nan
20240305_P013T_A006_cropped_isotropic,cyto3,0,0,,False,True,30,True,0.3,0.1,False,15,0.5,100,0.0,0.1,Nuclei,3.36415696144104,0.05655029746805651,0.9027621823555406,0.9879778977002794,0.9434497025319435,0.966098459300216,nan
20240305_P013T_A006_cropped_isotropic,cyto3,0,0,,False,True,50,True,0.3,0.0,False,15,0.5,100,0.0,0.1,Nuclei,3.3696839809417725,0.11268350170103825,0.9004088525699152,0.8745994248466269,0.8873164982989618,0.9577105933422296,nan
20240305_P013T_A006_cropped_isotropic,nuclei,0,0,,False,True,70,True,0.3,0.2,False,15,0.5,100,0.0,0.1,Nuclei,3.3808960914611816,0.5955266118269049,0.5273060034060559,0.3280550327069302,0.4044733881730951,0.9670716872297225,nan
20240305_P013T_A006_cropped_isotropic,nuclei,0,0,,False,True,70,True,0.3,0.0,False,15,0.5,100,0.0,0.1,Nuclei,3.3941729068756104,0.5619487024851728,0.5269517759920147,0.3748170239305149,0.4380512975148271,0.9647679930288331,nan
20240305_P013T_A006_cropped_isotropic,nuclei,0,0,,False,True,30,True,0.3,0.1,False,15,0.5,100,0.0,0.1,Nuclei,3.42620587348938,0.4008792845084852,0.5454578347773281,0.6644945938186428,0.5991207154915147,0.9694487868007955,nan
20240305_P013T_A006_cropped_isotropic,cyto3,0,0,,False,True,70,True,0.3,0.0,False,15,0.5,100,0.0,0.1,Nuclei,3.3805408477783203,0.19320301446142796,0.9610112286025817,0.6952324727183768,0.806796985538572,0.9507342211746241,nan
20240305_P013T_A006_cropped_isotropic,cyto3,0,0,,False,True,50,True,0.5,0.2,False,15,0.5,100,0.0,0.1,Nuclei,3.367496967315674,0.11269440699889488,0.9003889495677327,0.8745970134647171,0.8873055930011052,0.9581541264179483,nan
20240305_P013T_A006_cropped_isotropic,cyto3,0,0,,False,True,50,True,0.3,0.2,False,15,0.5,100,0.0,0.1,Nuclei,3.432882070541382,0.11269440699889488,0.9003889495677327,0.8745970134647171,0.8873055930011052,0.9581541264179483,nan
20240305_P013T_A006_cropped_isotropic,cyto3,0,0,,False,True,50,True,0.5,0.1,False,15,0.5,100,0.0,0.1,Nuclei,3.3703770637512207,0.11269077227445923,0.9003955831747034,0.8745978171804883,0.8873092277255408,0.957928970912816,nan
20240305_P013T_A006_cropped_isotropic,cyto3,0,0,,False,True,50,True,0.3,0.1,False,15,0.5,100,0.0,0.1,Nuclei,3.3746988773345947,0.11269077227445923,0.9003955831747034,0.8745978171804883,0.8873092277255408,0.957928970912816,nan
20240305_P013T_A006_cropped_isotropic,cyto3,0,0,,False,True,30,True,0.5,0.2,False,15,0.5,100,0.0,0.1,Nuclei,3.4319019317626953,0.056956449365275774,0.9020637530099719,0.9879238827029836,0.9430435506347241,0.9662403611229656,nan
20240305_P013T_A006_cropped_isotropic,nuclei,0,0,,False,True,30,True,0.3,0.2,False,15,0.5,100,0.0,0.1,Nuclei,3.464437961578369,0.41682465358876886,0.5475008286728221,0.6238229231295296,0.5831753464112311,0.9697475557053773,nan
20240305_P013T_A006_cropped_isotropic,cyto3,0,0,,False,True,70,True,0.5,0.0,False,15,0.5,100,0.0,0.1,Nuclei,3.4070169925689697,0.19320301446142796,0.9610112286025817,0.6952324727183768,0.806796985538572,0.9507342211746241,nan
20240305_P013T_A006_cropped_isotropic,nuclei,0,0,,False,True,50,True,0.5,0.1,False,15,0.5,100,0.0,0.1,Nuclei,3.3905909061431885,0.31547671121988274,0.652940282087689,0.7193169646036005,0.6845232887801173,0.9658848239290406,nan
20240305_P013T_A006_cropped_isotropic,cyto3,0,0,,False,True,30,True,0.5,0.0,False,15,0.5,100,0.0,0.1,Nuclei,3.4817800521850586,0.056195017340441744,0.9033816508016075,0.9880153937370436,0.9438049826595583,0.9659550071668107,nan
20240305_P013T_A006_cropped_isotropic,cyto3,0,0,,False,True,70,True,0.5,0.2,False,15,0.5,100,0.0,0.1,Nuclei,3.4304840564727783,0.19321767956902813,0.9607570869652193,0.6953437542481344,0.8067823204309719,0.9514497681244133,nan
20240305_P013T_A006_cropped_isotropic,nuclei,0,0,,False,True,50,True,0.3,0.0,False,15,0.5,100,0.0,0.1,Nuclei,3.3769898414611816,0.3027511802503978,0.6552707688821161,0.7449734144871599,0.6972488197496023,0.9654516979288142,nan
20240305_P013T_A006_cropped_isotropic,nuclei,0,0,,False,True,30,True,0.5,0.1,False,15,0.5,100,0.0,0.1,Nuclei,3.3799281120300293,0.4008792845084852,0.5454578347773281,0.6644945938186428,0.5991207154915147,0.9694487868007955,nan
20240305_P013T_A006_cropped_isotropic,nuclei,0,0,,False,True,70,True,0.5,0.0,False,15,0.5,100,0.0,0.1,Nuclei,3.3892877101898193,0.5619487024851728,0.5269517759920147,0.3748170239305149,0.4380512975148271,0.9647679930288331,nan
20240305_P013T_A006_cropped_isotropic,nuclei,0,0,,False,True,50,True,0.3,0.2,False,15,0.5,100,0.0,0.1,Nuclei,3.3918468952178955,0.33008023537190234,0.6540830500377743,0.6865423874644574,0.6699197646280977,0.9663634973689232,nan
20240305_P013T_A006_cropped_isotropic,nuclei,0,0,,False,True,50,True,0.5,0.0,False,15,0.5,100,0.0,0.1,Nuclei,3.386260986328125,0.3027511802503978,0.6552707688821161,0.7449734144871599,0.6972488197496023,0.9654516979288142,nan
20240305_P013T_A006_cropped_isotropic,cyto3,0,0,,False,True,70,True,0.3,0.1,False,15,0.5,100,0.0,0.1,Nuclei,3.385268211364746,0.1932072691968303,0.9609052723000431,0.6952816171090477,0.8067927308031697,0.9511046226128649,nan
20240305_P013T_A006_cropped_isotropic,cyto3,0,0,,False,True,70,True,0.3,0.2,False,15,0.5,100,0.0,0.1,Nuclei,3.4243760108947754,0.19321767956902813,0.9607570869652193,0.6953437542481344,0.8067823204309719,0.9514497681244133,nan
20240305_P013T_A006_cropped_isotropic,cyto3,0,0,,False,True,30,True,0.5,0.1,False,15,0.5,100,0.0,0.1,Nuclei,3.610196828842163,0.05655029746805651,0.9027621823555406,0.9879778977002794,0.9434497025319435,0.966098459300216,nan
20240305_P013T_B005_cropped_isotropic,cyto3,0,0,,False,True,30,True,0.3,0.2,False,15,0.5,100,0.0,0.1,Nuclei,1.577009916305542,0.03268544429679221,0.9601127757913632,0.9746251928622096,0.9673145557032078,0.9640297243242523,nan
